<?xml version="1.0"?>
<!DOCTYPE modification SYSTEM "http://www.simplemachines.org/xml/modification">

<modification xmlns="http://www.simplemachines.org/xml/modification" xmlns:smf="http://www.simplemachines.org/">

	<id>sid2varun:testsuite<id>
	<version>1.0</version>
	<file name="$languagedir/Errors.english.php">
		<operation>
			<search position="end" />
			<add><![CDATA[
// SM Test suite
$txt['ts_error_no_name'] = 'Name field was left empty.';
$txt['ts_error_no_description'] = 'Description field was left empty.';
$txt['ts_error_no_message'] = 'Description field was left empty.';
$txt['ts_error_no_steps'] = 'Steps field was left empty.';
$txt['ts_error_no_expected_result'] = 'Expected Result field was left empty.';
$txt['ts_error_no_feedback'] = 'Feedback field was left empty.';
$txt['ts_error_no_result'] = 'Result field was left empty.';
$txt['ts_error_long_description'] = 'The Description exceeds the maximum allowed length (65534 chracters).';

$txt['ts_no_project'] = 'Sorry, the Project you are trying to edit doesn\'t exist.';
$txt['ts_no_suite'] = 'Sorry, the Suite you are trying to edit doesn\'t exist.';
$txt['ts_no_case'] = 'Sorry, the Case you are trying to edit doesn\'t exist.';
$txt['ts_no_run'] = 'Sorry, the Run you are trying to edit doesn\'t exist.';

]]></add>
		</operation>
	</file>
	<file name="$languagedir/Modifications.english.php">
		<operation>
			<search position="end" />
			<add><![CDATA[
// Used for main menu of test suite.
$txt['sm_testsuite'] = 'Test Suite';
$txt['ts_admin'] = 'Manage Test Suite';
]]></add>
		</operation>
	</file>
	
</modification>