<?xml version="1.0"?>
<!DOCTYPE modification SYSTEM "http://www.simplemachines.org/xml/modification">

<modification xmlns="http://www.simplemachines.org/xml/modification" xmlns:smf="http://www.simplemachines.org/">

	<id>sid2varun:testsuite<id>
	<version>1.0</version>
	<file name="$languagedir/Modifications.english.php">
		<operation>
			<search position="end" />
			<add><![CDATA[
// Used for main menu of test suite.
$txt['sm_testsuite'] = 'Test Suite';
$txt['ts_admin'] = 'Manage Test Suite';
]]></add>
		</operation>
	</file>
	
</modification>